{"cols_init": {"mean": 13.0, "median": 11.0, "std": 6.191391873668904, "min": 6.0, "max": 22.0}, "cols_finals": {"mean": 1674.5, "median": 1695.5, "std": 54.80495719671108, "min": 1582.0, "max": 1739.0}, "mean": {"mean": 287.82323232323233, "median": 287.92929292929296, "std": 31.62530216617156, "min": 244.32323232323233, "max": 334.3333333333333}}