{"lgan_mmd-CD": {"mean": 12.587002754211426, "median": 12.587002754211426, "std": 0.0, "min": 12.587002754211426, "max": 12.587002754211426}, "lgan_cov-CD": {"mean": 0.00988467875868082, "median": 0.00988467875868082, "std": 0.0, "min": 0.00988467875868082, "max": 0.00988467875868082}, "lgan_mmd_smp-CD": {"mean": 7.692287445068359, "median": 7.692287445068359, "std": 0.0, "min": 7.692287445068359, "max": 7.692287445068359}, "1-NN-CD-acc_t": {"mean": 0.9802306294441223, "median": 0.9802306294441223, "std": 0.0, "min": 0.9802306294441223, "max": 0.9802306294441223}, "1-NN-CD-acc_f": {"mean": 0.5, "median": 0.5, "std": 0.0, "min": 0.5, "max": 0.5}, "1-NN-CD-acc": {"mean": 0.975530207157135, "median": 0.975530207157135, "std": 0.0, "min": 0.975530207157135, "max": 0.975530207157135}}