{"vel_dir": {"mean": 0.38824984431266785, "median": 0.39316582679748535, "std": 0.01358908973634243, "min": 0.3657001256942749, "max": 0.4020957350730896}, "acc": {"mean": 0.014551256783306599, "median": 0.014606823213398457, "std": 0.0012718015350401402, "min": 0.01243534218519926, "max": 0.016728803515434265}, "jerk": {"mean": 0.012482021935284138, "median": 0.012639452703297138, "std": 0.0020027756690979004, "min": 0.009502610191702843, "max": 0.01608259230852127}, "distance": {"mean": 43.035552978515625, "median": 42.890403747558594, "std": 0.8959773182868958, "min": 42.019989013671875, "max": 44.54533004760742}}